{
  "test/integration/opaTests.qunit-dbg.js": 1747513105617,
  "test/integration/pages/BusinessPartnersList.js": 1747513105621,
  "test/integration/pages/BusinessPartnersObjectPage.js": 1747513105621,
  "test/integration/opaTests.qunit.js": 1747513105617,
  "test/integration/FirstJourney.js": 1747513105621,
  "test/testsuite.qunit.js": 1747513105613,
  "xs-app.json": 1747513613984,
  "manifest.json": 1747513555824,
  "Component.js": 1747513105593,
  "test/integration/FirstJourney-dbg.js": 1747513105621,
  "test/integration/FirstJourney.js.map": 1747513618038,
  "test/integration/pages/BusinessPartnersObjectPage-dbg.js": 1747513105621,
  "test/integration/pages/BusinessPartnersObjectPage.js.map": 1747513618034,
  "i18n/i18n.properties": 1747513129325,
  "test/integration/opaTests.qunit.js.map": 1747513618034,
  "test/integration/pages/BusinessPartnersList-dbg.js": 1747513105621,
  "test/integration/pages/BusinessPartnersList.js.map": 1747513618035,
  "test/testsuite.qunit-dbg.js": 1747513105613,
  "test/testsuite.qunit.js.map": 1747513618036,
  "Component-dbg.js": 1747513105593,
  "Component.js.map": 1747513618035,
  "Component-preload.js": 1747513618092,
  "Component-preload.js.map": 1747513618092,
  "test/integration/opaTests.qunit.html": 1747513105617,
  "test/testsuite.qunit.html": 1747513105609,
  "test/flpSandbox.html": 1747513105609,
  "index.html": 1747513105593
}